name,datetime,tempmax,tempmin,temp,feelslikemax,feelslikemin,feelslike,dew,humidity,precip,precipprob,precipcover,snow,snowdepth,windgust,windspeed,winddir,sealevelpressure,cloudcover,visibility,solarradiation,solarenergy,uvindex,sunrise,sunset,moonphase,conditions,description
"New York City,USA",2018-06-01T00:00:00Z,26.7,17.9,21.6,26.7,17.9,21.6,19.2,86.8,0.282,100,16.67,0,0,83.5,12.6,36.9,1009.6,65.9,11.3,194,16.5,9,2018-06-01T03:27:08Z,2018-06-01T18:21:01Z,0.6,"Rain, Partially cloudy",Partly cloudy throughout the day with rain in the morning and afternoon.
"New York City,USA",2018-06-02T00:00:00Z,30.6,20.7,25.1,32.9,20.7,25.9,19.8,74,0.346,100,8.33,0,0,55,22.3,31,1007.6,35.4,15.8,240.4,20.8,9,2018-06-02T03:26:43Z,2018-06-02T18:21:44Z,0.63,"Rain, Partially cloudy",Partly cloudy throughout the day with rain.
"New York City,USA",2018-06-03T00:00:00Z,21.7,12.8,17,21.7,12.8,17,12.5,75,2.929,100,12.5,0,0,37.1,24.1,96.2,1015.8,92.7,15.6,102.2,8.9,3,2018-06-03T03:26:20Z,2018-06-03T18:22:26Z,0.67,"Rain, Overcast",Cloudy skies throughout the day with rain.
"New York City,USA",2018-06-04T00:00:00Z,23.7,11.7,16.8,23.7,11.7,16.8,12.4,76.6,221.112,100,41.67,0,0,29.5,16.7,48.4,1009.2,71.6,15.4,226,19.4,8,2018-06-04T03:25:59Z,2018-06-04T18:23:06Z,0.7,"Rain, Partially cloudy",Partly cloudy throughout the day with rain clearing later.
"New York City,USA",2018-06-05T00:00:00Z,24.2,16.1,19.8,24.2,16.1,19.8,11.7,60.7,0,0,0,0,0,37.1,25.9,283.1,1005.6,35.7,16,199.7,17.3,9,2018-06-05T03:25:40Z,2018-06-05T18:23:45Z,0.73,Partially cloudy,Partly cloudy throughout the day.
"New York City,USA",2018-06-06T00:00:00Z,21.7,16.1,18.1,21.7,16.1,18.1,10.9,63.7,0,0,0,0,0,11.3,11.3,73.7,1011.2,89.1,15.9,184.2,16,8,2018-06-06T03:25:23Z,2018-06-06T18:24:23Z,0.75,Partially cloudy,Partly cloudy throughout the day.
"New York City,USA",2018-06-07T00:00:00Z,21.7,16.1,18,21.7,16.1,18,12.6,71.5,0,0,0,0,0,37.1,25.9,159.3,1019.7,65.7,15.9,247.1,21.3,9,2018-06-07T03:25:08Z,2018-06-07T18:24:59Z,0.8,Partially cloudy,Partly cloudy throughout the day.
"New York City,USA",2018-06-08T00:00:00Z,27.2,16.2,21.8,27.7,16.2,21.9,15.4,69.1,0,0,0,0,0,33.5,16.2,200.6,1020.7,26.3,16,243.2,21,9,2018-06-08T03:24:55Z,2018-06-08T18:25:34Z,0.83,Partially cloudy,Becoming cloudy in the afternoon.
"New York City,USA",2018-06-09T00:00:00Z,28.7,20.6,23.5,28,20.6,23.4,14.7,59.4,0,0,0,0,0,10.6,10.6,15.2,1019.3,9.5,16,273.6,23.5,9,2018-06-09T03:24:44Z,2018-06-09T18:26:08Z,0.86,Clear,Clear conditions throughout the day.
"New York City,USA",2018-06-10T00:00:00Z,22.2,16.7,20.2,22.2,16.7,20.2,11.3,57.3,0,0,0,0,0,10.1,10.1,28.9,1017.8,90.3,16,79.2,6.8,2,2018-06-10T03:24:35Z,2018-06-10T18:26:39Z,0.9,Overcast,Cloudy skies throughout the day.
"New York City,USA",2018-06-11T00:00:00Z,22.8,14.4,17.9,22.8,14.4,17.9,10.3,63.4,0.251,100,8.33,0,0,29.5,15.5,90.1,1018.3,31,16,262.9,22.7,9,2018-06-11T03:24:28Z,2018-06-11T18:27:10Z,0.93,"Rain, Partially cloudy",Clearing in the afternoon with rain clearing later.
"New York City,USA",2018-06-12T00:00:00Z,22.9,14.6,18.6,22.9,14.6,18.6,10.8,61.5,0,0,0,0,0,44.6,27.7,183,1022.8,0.6,16,327.1,28.3,9,2018-06-12T03:24:23Z,2018-06-12T18:27:38Z,0.96,Clear,Clear conditions throughout the day.
"New York City,USA",2018-06-13T00:00:00Z,24.4,17.8,20.9,24.4,17.8,20.9,17.2,79.5,0.056,100,8.33,0,0,35.3,14.8,210,1013.7,78.4,15.9,102.6,8.9,3,2018-06-13T03:24:20Z,2018-06-13T18:28:05Z,0,"Rain, Partially cloudy",Partly cloudy throughout the day with afternoon rain.
"New York City,USA",2018-06-14T00:00:00Z,30.5,19.4,24.8,29.1,19.4,24.5,12.7,50.7,0,0,0,0,0,48.2,29.5,289.1,1008.7,16.2,16,325.8,28.1,9,2018-06-14T03:24:18Z,2018-06-14T18:28:31Z,0.03,Clear,Clear conditions throughout the day.
"New York City,USA",2018-06-15T00:00:00Z,24.9,18.3,21.6,24.9,18.3,21.6,11.6,53.1,0,0,0,0,0,38.9,14.3,346.1,1013.8,42.8,15.9,242.8,20.9,10,2018-06-15T03:24:19Z,2018-06-15T18:28:55Z,0.06,Partially cloudy,Partly cloudy throughout the day.
"New York City,USA",2018-06-16T00:00:00Z,29.3,17.9,23.4,28.4,17.9,23.2,12.2,52.2,0,0,0,0,0,10.3,10.3,305.9,1016.8,0.4,16,327.5,28.3,10,2018-06-16T03:24:22Z,2018-06-16T18:29:17Z,0.1,Clear,Clear conditions throughout the day.
"New York City,USA",2018-06-17T00:00:00Z,31.7,19.4,25.1,30.7,19.4,24.9,13.8,51.5,0,0,0,0,0,35.3,11.6,214.4,1018.2,0.7,16,315,27.2,9,2018-06-17T03:24:26Z,2018-06-17T18:29:37Z,0.13,Clear,Clear conditions throughout the day.
"New York City,USA",2018-06-18T00:00:00Z,32.2,21.8,26.3,35.7,21.8,27.6,20.1,70.2,2.128,100,12.5,0,0,40,24.1,210.3,1015,20.5,15.4,273.5,23.6,9,2018-06-18T03:24:33Z,2018-06-18T18:29:55Z,0.17,"Rain, Partially cloudy",Becoming cloudy in the afternoon with late afternoon rain.
"New York City,USA",2018-06-19T00:00:00Z,32.1,23.5,27.4,31.1,23.5,27.4,17.9,60.4,0.327,100,12.5,0,0,40.7,22.3,335.5,1008.8,28.2,15.9,301.4,25.9,10,2018-06-19T03:24:41Z,2018-06-19T18:30:12Z,0.2,"Rain, Partially cloudy",Clearing in the afternoon with rain.
"New York City,USA",2018-06-20T00:00:00Z,27.7,21.6,24.2,28.7,21.6,24.3,14.7,56.2,0,0,0,0,0,29.5,8.8,57.9,1011,32.9,16,268.7,23.1,9,2018-06-20T03:24:51Z,2018-06-20T18:30:26Z,0.25,Partially cloudy,Becoming cloudy in the afternoon.
"New York City,USA",2018-06-21T00:00:00Z,29.9,18.9,24,29.2,18.9,23.9,17,69.1,5.532,100,45.83,0,0,13,13,49.3,1008.4,55.2,15,284.3,24.6,9,2018-06-21T03:25:03Z,2018-06-21T18:30:39Z,0.27,"Rain, Partially cloudy",Partly cloudy throughout the day with a chance of rain throughout the day.
"New York City,USA",2018-06-22T00:00:00Z,23.8,19.4,21.2,23.8,19.4,21.2,16.5,75.3,0,0,0,0,0,27.7,14.9,85.1,1015.2,49.2,15.9,197.4,17.1,6,2018-06-22T03:25:17Z,2018-06-22T18:30:50Z,0.31,Partially cloudy,Partly cloudy throughout the day.
"New York City,USA",2018-06-23T00:00:00Z,19.9,17.8,18.8,19.9,17.8,18.8,15.1,79.4,0.602,100,12.5,0,0,31.7,18.2,63,1011.9,100,15.9,76.8,6.4,2,2018-06-23T03:25:33Z,2018-06-23T18:30:59Z,0.34,"Rain, Overcast",Cloudy skies throughout the day with early morning rain.
"New York City,USA",2018-06-24T00:00:00Z,28.7,19.3,23.6,30.2,19.3,24.2,18.9,76.6,0.003,100,4.17,0,0,38.9,10.5,212.4,1009.8,73.1,14.9,221.7,19.2,9,2018-06-24T03:25:50Z,2018-06-24T18:31:06Z,0.38,"Rain, Partially cloudy",Partly cloudy throughout the day with late afternoon rain.
"New York City,USA",2018-06-25T00:00:00Z,28.7,20.6,24.3,27.7,20.6,24.1,13.8,55.6,0.464,100,8.33,0,0,44.6,18.2,348.8,1016.2,27.2,16,305.6,26.5,10,2018-06-25T03:26:10Z,2018-06-25T18:31:12Z,0.41,"Rain, Partially cloudy",Partly cloudy throughout the day with morning rain.
"New York City,USA",2018-06-26T00:00:00Z,25,18.7,21.8,25,18.7,21.8,13.9,61.6,0,0,0,0,0,37.1,24.1,112.8,1023.8,5.1,16,315.5,27.3,9,2018-06-26T03:26:31Z,2018-06-26T18:31:15Z,0.45,Clear,Clear conditions throughout the day.
"New York City,USA",2018-06-27T00:00:00Z,23.3,18.9,21.1,23.3,18.9,21.1,16.4,74.7,0.031,100,8.33,0,0,44.6,31.7,178.5,1018.4,75,15.9,84.9,7.3,3,2018-06-27T03:26:53Z,2018-06-27T18:31:16Z,0.48,"Rain, Partially cloudy",Partly cloudy throughout the day with late afternoon rain.
"New York City,USA",2018-06-28T00:00:00Z,28.8,21.1,24,31.5,21.1,24.6,21.3,85.3,5.642,100,45.83,0,0,35.3,13.7,204.4,1009.6,75.4,15.2,185,16,7,2018-06-28T03:27:17Z,2018-06-28T18:31:15Z,0.5,"Rain, Partially cloudy",Partly cloudy throughout the day with a chance of rain throughout the day.
"New York City,USA",2018-06-29T00:00:00Z,33.7,22.8,27.7,33.8,22.8,27.9,17.8,57.8,0.704,100,8.33,0,0,31.7,18.4,318.6,1014,3.6,16,321.8,27.6,9,2018-06-29T03:27:43Z,2018-06-29T18:31:12Z,0.55,Rain,Clear conditions throughout the day with afternoon rain.
"New York City,USA",2018-06-30T00:00:00Z,34.3,23.4,28.7,35.6,23.4,29.2,17.1,50.6,0,0,0,0,0,29.5,12,270,1017.1,0.7,15.9,317.6,27.3,9,2018-06-30T03:28:11Z,2018-06-30T18:31:08Z,0.58,Clear,Clear conditions throughout the day.
"New York City,USA",2018-07-01T00:00:00Z,35.6,24,29.8,39.9,24,31.9,20.9,60.4,0,0,0,0,0,12.6,12.6,243.9,1016.5,0.5,15.9,271.1,23.4,9,2018-07-01T03:28:39Z,2018-07-01T18:31:01Z,0.62,Clear,Clear conditions throughout the day.
"New York City,USA",2018-07-02T00:00:00Z,34.4,25.7,29.2,38.4,25.7,31.3,21.4,63.9,0.262,100,4.17,0,0,38.9,22.3,154.8,1017.8,0.4,15.7,310.8,26.8,9,2018-07-02T03:29:10Z,2018-07-02T18:30:52Z,0.65,Rain,Clear conditions throughout the day with late afternoon rain.
"New York City,USA",2018-07-03T00:00:00Z,32.9,25.1,27.1,40.4,25.1,29.1,23.6,81.3,0.172,100,8.33,0,0,14.8,14.8,113.7,1021.4,12.9,15,162.5,14.1,8,2018-07-03T03:29:42Z,2018-07-03T18:30:41Z,0.68,Rain,Clear conditions throughout the day with rain.
"New York City,USA",2018-07-04T00:00:00Z,30.5,24.4,26.8,34,24.4,28.1,22.5,78.4,0,0,0,0,0,9.5,9.5,76.8,1025.5,17,15.6,198.5,16.9,9,2018-07-04T03:30:15Z,2018-07-04T18:30:28Z,0.72,Clear,Clear conditions throughout the day.
"New York City,USA",2018-07-05T00:00:00Z,31.2,23.9,27.4,35.6,23.9,29.6,23,77.9,0,0,0,0,0,44.6,25.9,204.9,1024.9,31.4,16,255.1,22,8,2018-07-05T03:30:50Z,2018-07-05T18:30:13Z,0.75,Partially cloudy,Clearing in the afternoon.
"New York City,USA",2018-07-06T00:00:00Z,27.8,23.3,25.6,29,23.3,25.9,20.8,76.8,3.118,100,25,0,0,35.3,22.3,264.1,1018.3,58.9,15.4,98.4,8.4,3,2018-07-06T03:31:26Z,2018-07-06T18:29:56Z,0.75,"Rain, Partially cloudy",Partly cloudy throughout the day with rain in the morning and afternoon.
"New York City,USA",2018-07-07T00:00:00Z,25.6,18.8,21.6,25.6,18.8,21.6,10.8,50.7,0,0,0,0,0,37.1,25.9,53.5,1026.4,0.3,16,331.3,28.6,10,2018-07-07T03:32:03Z,2018-07-07T18:29:38Z,0.82,Clear,Clear conditions throughout the day.
"New York City,USA",2018-07-08T00:00:00Z,28.3,18.8,22.9,28,18.8,22.8,12.8,54.2,0,0,0,0,0,29.5,18.4,160.5,1027.4,0.3,16,325.2,27.8,10,2018-07-08T03:32:42Z,2018-07-08T18:29:17Z,0.85,Clear,Clear conditions throughout the day.
"New York City,USA",2018-07-09T00:00:00Z,30.6,20,24.8,30.4,20,24.8,15.1,55.8,0,0,0,0,0,44.6,14.1,224.7,1022.2,0.2,15.8,319.2,27.4,9,2018-07-09T03:33:22Z,2018-07-09T18:28:54Z,0.88,Clear,Clear conditions throughout the day.
"New York City,USA",2018-07-10T00:00:00Z,33.3,21.7,27.4,33.8,21.7,27.8,17.1,55.3,0,0,0,0,0,29.5,16.9,257.5,1013.7,0.4,15.8,314.8,27.1,9,2018-07-10T03:34:03Z,2018-07-10T18:28:29Z,0.92,Clear,Clear conditions throughout the day.
"New York City,USA",2018-07-11T00:00:00Z,31.1,23.4,26.5,32.1,23.4,27.1,18.8,63.5,0,0,0,0,0,27.7,20.5,49.4,1013.6,52.6,16,258.5,22.4,9,2018-07-11T03:34:45Z,2018-07-11T18:28:02Z,0.95,Partially cloudy,Partly cloudy throughout the day.
"New York City,USA",2018-07-12T00:00:00Z,29.9,21.5,24.7,29.4,21.5,24.6,15.9,60.6,0.969,100,12.5,0,0,20.5,20.5,36.8,1021.5,45.4,15.9,227.8,19.7,10,2018-07-12T03:35:28Z,2018-07-12T18:27:33Z,0,"Rain, Partially cloudy",Partly cloudy throughout the day with rain clearing later.
"New York City,USA",2018-07-13T00:00:00Z,29.2,21.1,24.6,28.9,21.1,24.6,16.7,63.3,0,0,0,0,0,37.1,10.5,181.8,1023.5,1.8,15.9,292.7,25.4,9,2018-07-13T03:36:13Z,2018-07-13T18:27:02Z,0.02,Clear,Clear conditions throughout the day.
"New York City,USA",2018-07-14T00:00:00Z,31.7,21.2,26.5,32.7,21.2,26.9,17.2,57.8,0,0,0,0,0,38.9,13.1,231.5,1020.2,17.2,15.8,270.1,23.4,9,2018-07-14T03:36:58Z,2018-07-14T18:26:29Z,0.05,Clear,Clear conditions throughout the day.
"New York City,USA",2018-07-15T00:00:00Z,29.9,21.2,24.4,32.2,21.2,24.9,20.6,80.9,4.753,100,41.67,0,0,10.6,10.6,245.2,1016.7,47.5,15.3,152.4,13.1,6,2018-07-15T03:37:44Z,2018-07-15T18:25:54Z,0.09,"Rain, Partially cloudy",Partly cloudy throughout the day with a chance of rain throughout the day.
"New York City,USA",2018-07-16T00:00:00Z,32.2,23.9,27.7,37.3,23.9,29.7,22.1,72.5,0.232,100,4.17,0,0,38.9,31.7,196.7,1014.5,4.1,15.9,281.8,24.2,9,2018-07-16T03:38:32Z,2018-07-16T18:25:17Z,0.12,Rain,Clear conditions throughout the day with morning rain.
"New York City,USA",2018-07-17T00:00:00Z,31.6,22,25.7,36.6,22,26.9,22.3,82.4,3.589,100,29.17,0,0,37.1,33.5,224,1012.4,47.8,14.9,153.8,13.3,9,2018-07-17T03:39:20Z,2018-07-17T18:24:39Z,0.15,"Rain, Partially cloudy",Becoming cloudy in the afternoon with rain.
"New York City,USA",2018-07-18T00:00:00Z,28.8,21.1,25.1,29.3,21.1,24.9,14.8,56.1,0,0,0,0,0,38.9,28.5,346.7,1011.9,32.1,15.9,292,25.1,9,2018-07-18T03:40:09Z,2018-07-18T18:23:58Z,0.19,Partially cloudy,Partly cloudy throughout the day.
"New York City,USA",2018-07-19T00:00:00Z,27.5,19.3,23.5,26.8,19.3,23.4,10.9,46.1,0,0,0,0,0,25.9,16.9,58.6,1018.1,3.7,16,316.8,27.3,10,2018-07-19T03:40:58Z,2018-07-19T18:23:16Z,0.25,Clear,Clear conditions throughout the day.
"New York City,USA",2018-07-20T00:00:00Z,27.7,20.9,23.8,27.8,20.9,23.8,15.5,61.5,0,0,0,0,0,34.6,18.4,157.2,1020.5,25.9,15.9,299.5,25.8,9,2018-07-20T03:41:49Z,2018-07-20T18:22:31Z,0.26,Partially cloudy,Partly cloudy throughout the day.
"New York City,USA",2018-07-21T00:00:00Z,24.6,18.7,22.1,24.6,18.7,22.1,15.1,65.3,7.798,100,16.67,0,0,38.9,28.1,80.5,1017.4,62,14.9,222.3,19.1,9,2018-07-21T03:42:40Z,2018-07-21T18:21:45Z,0.29,"Rain, Partially cloudy",Partly cloudy throughout the day with late afternoon rain.
"New York City,USA",2018-07-22T00:00:00Z,26.4,19.9,23.8,26.4,19.9,23.8,21.7,88.3,28.878,100,58.33,0,0,62.3,38.4,129.7,1012.6,98.4,11.4,155.7,13.4,7,2018-07-22T03:43:32Z,2018-07-22T18:20:58Z,0.32,"Rain, Overcast",Cloudy skies throughout the day with a chance of rain throughout the day.
"New York City,USA",2018-07-23T00:00:00Z,27.3,23.1,24.9,30.1,23.1,25.3,22.8,88.7,4.611,100,33.33,0,0,54.8,28,151,1018.9,97.1,12.3,146,12.7,7,2018-07-23T03:44:25Z,2018-07-23T18:20:08Z,0.36,"Rain, Overcast",Cloudy skies throughout the day with a chance of rain throughout the day.
"New York City,USA",2018-07-24T00:00:00Z,27.8,24.1,25.9,30.5,24.1,26.7,22.7,82.9,0.308,100,4.17,0,0,51.5,27.7,150.1,1021.3,94.5,14.5,183.2,15.9,8,2018-07-24T03:45:18Z,2018-07-24T18:19:16Z,0.39,"Rain, Overcast",Cloudy skies throughout the day with early morning rain.
"New York City,USA",2018-07-25T00:00:00Z,25.4,22.8,24.4,25.4,22.8,24.4,22.7,90.5,17.114,100,62.5,0,0,48.1,27,157.5,1015.3,99.3,13,124.3,10.8,5,2018-07-25T03:46:12Z,2018-07-25T18:18:23Z,0.43,"Rain, Overcast",Cloudy skies throughout the day with a chance of rain throughout the day.
"New York City,USA",2018-07-26T00:00:00Z,29.4,22.4,25.7,31.4,22.4,26.6,21.1,77.2,2.024,100,16.67,0,0,25.9,10.7,254.1,1011.2,63.8,15.1,161.7,13.9,7,2018-07-26T03:47:06Z,2018-07-26T18:17:29Z,0.46,"Rain, Partially cloudy",Partly cloudy throughout the day with early morning rain.
"New York City,USA",2018-07-27T00:00:00Z,29.9,21.3,25.7,32.9,21.3,26.6,20.9,75.6,8.979,100,33.33,0,0,35.3,20.7,195.8,1014.8,52.4,13.6,214.7,18.5,8,2018-07-27T03:48:01Z,2018-07-27T18:16:32Z,0.5,"Rain, Partially cloudy",Becoming cloudy in the afternoon with rain.
"New York City,USA",2018-07-28T00:00:00Z,29.5,21.2,25.3,31,21.2,26,20.1,74.8,0,0,0,0,0,14,14,295.3,1015,44.8,12.9,254.3,21.9,9,2018-07-28T03:48:56Z,2018-07-28T18:15:34Z,0.53,Partially cloudy,Becoming cloudy in the afternoon.
"New York City,USA",2018-07-29T00:00:00Z,27.5,22,25,28,22,25.1,15.8,57.3,0,0,0,0,0,11.2,11.2,318.5,1017.9,42.5,16,257.4,22.3,8,2018-07-29T03:49:52Z,2018-07-29T18:14:34Z,0.56,Partially cloudy,Becoming cloudy in the afternoon.
"New York City,USA",2018-07-30T00:00:00Z,25.6,21,23.6,25.6,21,23.6,16.8,66.5,5.787,100,8.33,0,0,11.7,11.7,87.7,1020.2,34.3,15.7,116.6,10,5,2018-07-30T03:50:48Z,2018-07-30T18:13:33Z,0.6,"Rain, Partially cloudy",Partly cloudy throughout the day with late afternoon rain.
"New York City,USA",2018-07-31T00:00:00Z,27.4,20.3,23.6,28.4,20.3,23.7,18,71.5,0,0,0,0,0,27.7,18.4,124.2,1019.8,40.5,15.6,232.4,20.1,8,2018-07-31T03:51:44Z,2018-07-31T18:12:30Z,0.63,Partially cloudy,Partly cloudy throughout the day.
"New York City,USA",2018-08-01T00:00:00Z,29.8,23.7,26.4,33.1,23.7,28.1,22.5,79.8,2.264,100,29.17,0,0,47.9,27,178.8,1017,82.5,14.9,182,15.7,8,2018-08-01T03:52:41Z,2018-08-01T18:11:25Z,0.67,"Rain, Partially cloudy",Partly cloudy throughout the day with a chance of rain throughout the day.
"New York City,USA",2018-08-02T00:00:00Z,30.6,24.7,27.6,34.8,24.7,29.5,21.9,71.9,3.398,100,20.83,0,0,38.9,15.2,238.9,1018.5,49.8,16,199.1,17.1,7,2018-08-02T03:53:38Z,2018-08-02T18:10:20Z,0.7,"Rain, Partially cloudy",Partly cloudy throughout the day with rain.
"New York City,USA",2018-08-03T00:00:00Z,29.2,23.8,26.3,33.8,23.8,27.3,23,82.5,5.503,100,25,0,0,38.9,10.8,204.4,1020.8,55.2,15.7,165.3,14.2,7,2018-08-03T03:54:35Z,2018-08-03T18:09:12Z,0.73,"Rain, Partially cloudy",Partly cloudy throughout the day with afternoon rain.
"New York City,USA",2018-08-04T00:00:00Z,32,23.8,26.8,35,23.8,28,22.4,78.3,13.337,100,20.83,0,0,13,13,262.6,1018.8,65.5,15.3,167.2,14.5,8,2018-08-04T03:55:33Z,2018-08-04T18:08:03Z,0.75,"Rain, Partially cloudy",Partly cloudy throughout the day with rain in the morning and afternoon.
"New York City,USA",2018-08-05T00:00:00Z,33.7,24.3,29,37.3,24.3,31,21.3,64.7,0,0,0,0,0,11.2,11.2,294.3,1020.3,7.2,16,285.3,24.7,9,2018-08-05T03:56:31Z,2018-08-05T18:06:53Z,0.8,Clear,Clear conditions throughout the day.
"New York City,USA",2018-08-06T00:00:00Z,33.8,25.7,29.4,38.8,25.7,32.4,22.8,68.6,0,0,0,0,0,25.9,16.6,253.6,1018.3,4,15.7,231.3,20,8,2018-08-06T03:57:29Z,2018-08-06T18:05:41Z,0.84,Clear,Clear conditions throughout the day.
"New York City,USA",2018-08-07T00:00:00Z,32.7,24.9,28,38.1,24.9,30.9,23.4,76.7,1.469,100,12.5,0,0,64.8,22.3,204.4,1015.6,36.3,15,230.7,19.9,9,2018-08-07T03:58:27Z,2018-08-07T18:04:28Z,0.87,"Rain, Partially cloudy",Partly cloudy throughout the day with late afternoon rain.
"New York City,USA",2018-08-08T00:00:00Z,33.3,24.4,28,38.7,24.4,30.3,22.7,73.9,0.469,100,4.17,0,0,35.3,16.6,206.5,1012.5,21,16,263.1,22.7,9,2018-08-08T03:59:25Z,2018-08-08T18:03:14Z,0.91,"Rain, Partially cloudy",Clearing in the afternoon with late afternoon rain.
"New York City,USA",2018-08-09T00:00:00Z,32.7,24.3,28.5,34.9,24.3,29.8,20.7,65.2,2.249,100,20.83,0,0,33.5,22.3,317.3,1009.2,30,15.8,262.1,22.8,9,2018-08-09T04:00:24Z,2018-08-09T18:01:59Z,0.94,"Rain, Partially cloudy",Partly cloudy throughout the day with a chance of rain throughout the day.
"New York City,USA",2018-08-10T00:00:00Z,32.1,24.3,27.4,33.8,24.3,28.2,18.6,59.4,0,0,0,0,0,31.7,11.2,304.4,1012,34.5,15.8,208.7,18,8,2018-08-10T04:01:22Z,2018-08-10T18:00:42Z,0.97,Partially cloudy,Becoming cloudy in the afternoon.
"New York City,USA",2018-08-11T00:00:00Z,26.7,22.2,24,27.9,22.2,24.1,21.7,87.3,47.44,100,54.17,0,0,9.1,9.1,50.1,1013.9,85.6,14.2,77.5,6.8,3,2018-08-11T04:02:21Z,2018-08-11T17:59:24Z,0,"Rain, Partially cloudy",Partly cloudy throughout the day with a chance of rain throughout the day.
"New York City,USA",2018-08-12T00:00:00Z,30.5,23.3,25.8,33.3,23.3,26.8,22.2,81.3,1.641,100,16.67,0,0,16.6,16.6,43.5,1016.4,64.2,15.8,219.5,19.1,8,2018-08-12T04:03:20Z,2018-08-12T17:58:04Z,0.04,"Rain, Partially cloudy",Partly cloudy throughout the day with rain.
"New York City,USA",2018-08-13T00:00:00Z,26,22.8,23.7,26,22.8,23.7,21.9,89.7,13.78,100,41.67,0,0,37.1,27.7,52.8,1016.7,94.5,15.1,52.5,4.6,3,2018-08-13T04:04:19Z,2018-08-13T17:56:44Z,0.07,"Rain, Overcast",Cloudy skies throughout the day with a chance of rain throughout the day.
"New York City,USA",2018-08-14T00:00:00Z,29.2,20.8,24,31,20.8,24.3,21.2,85.4,10.593,100,20.83,0,0,37.1,18.4,232.1,1011.5,48.5,14.6,180.8,15.7,7,2018-08-14T04:05:18Z,2018-08-14T17:55:22Z,0.11,"Rain, Partially cloudy",Partly cloudy throughout the day with rain.
"New York City,USA",2018-08-15T00:00:00Z,32.7,21.7,27,34.4,21.7,28,20,68.2,1.408,100,12.5,0,0,31.7,18.4,280.6,1012.7,33.2,15.6,268.1,23,9,2018-08-15T04:06:17Z,2018-08-15T17:54:00Z,0.14,"Rain, Partially cloudy",Partly cloudy throughout the day with rain in the morning and afternoon.
"New York City,USA",2018-08-16T00:00:00Z,33.2,24.4,28.7,35.4,24.4,30.3,21.2,65.2,0.232,100,4.17,0,0,29.5,13.3,290.9,1017.4,8.8,15.9,238.8,20.4,8,2018-08-16T04:07:16Z,2018-08-16T17:52:36Z,0.17,Rain,Clear conditions throughout the day with morning rain.
"New York City,USA",2018-08-17T00:00:00Z,32.1,24.9,28.1,37.2,24.9,30.9,22.9,73.7,0.687,100,12.5,0,0,47.9,25.9,208.7,1017,12.2,15.8,190.1,16.2,7,2018-08-17T04:08:15Z,2018-08-17T17:51:11Z,0.21,Rain,Clear conditions throughout the day with rain.
"New York City,USA",2018-08-18T00:00:00Z,31,23.3,25.9,35.3,23.3,27,22.5,82.2,8.335,100,41.67,0,0,38.9,24.1,277.8,1011.5,65.8,14.8,175.8,15.2,6,2018-08-18T04:09:14Z,2018-08-18T17:49:46Z,0.25,"Rain, Partially cloudy",Becoming cloudy in the afternoon with a chance of rain throughout the day.
"New York City,USA",2018-08-19T00:00:00Z,23.3,21.1,22.5,23.3,21.1,22.5,19,80.8,0.292,100,20.83,0,0,42.5,29.5,48.6,1015.5,99.5,16,52.4,4.6,2,2018-08-19T04:10:13Z,2018-08-19T17:48:19Z,0.27,"Rain, Overcast",Cloudy skies throughout the day with rain in the morning and afternoon.
"New York City,USA",2018-08-20T00:00:00Z,23.8,21.1,22.5,23.8,21.1,22.5,18.3,77.3,0,0,0,0,0,27.7,27.7,55.4,1020.2,96.3,15.9,73.3,6.3,2,2018-08-20T04:11:12Z,2018-08-20T17:46:52Z,0.31,Overcast,Cloudy skies throughout the day.
"New York City,USA",2018-08-21T00:00:00Z,26.1,20.6,23.1,26.1,20.6,23.1,18.8,77.4,0.01,100,4.17,0,0,18.3,18.3,120,1018.1,61.8,16,210.2,18.2,8,2018-08-21T04:12:11Z,2018-08-21T17:45:23Z,0.34,"Rain, Partially cloudy",Partly cloudy throughout the day with late afternoon rain.
"New York City,USA",2018-08-22T00:00:00Z,30.5,22.8,25.5,31.7,22.8,26.1,20.3,74.8,12.998,100,25,0,0,47.9,22.3,253,1007.3,74.7,15.8,276,23.9,9,2018-08-22T04:13:10Z,2018-08-22T17:43:54Z,0.37,"Rain, Partially cloudy",Partly cloudy throughout the day with rain clearing later.
"New York City,USA",2018-08-23T00:00:00Z,27.7,20.6,24,27.3,20.6,23.9,14.1,56.2,0.928,100,16.67,0,0,35.3,24.1,319.8,1014.5,31.3,15.9,270,23.3,9,2018-08-23T04:14:09Z,2018-08-23T17:42:23Z,0.41,"Rain, Partially cloudy",Clearing in the afternoon with rain.
"New York City,USA",2018-08-24T00:00:00Z,29.8,20.5,24.7,29.4,20.5,24.6,14.8,55.3,0.936,100,8.33,0,0,11.5,11.5,268.7,1022.7,0.2,16,262.4,23,9,2018-08-24T04:15:07Z,2018-08-24T17:40:52Z,0.44,Rain,Clear conditions throughout the day with rain.
"New York City,USA",2018-08-25T00:00:00Z,27.7,21.1,24.2,28,21.1,24.2,15.7,60,0,0,0,0,0,27.7,14.8,164.1,1025,0.9,16,249.1,21.5,8,2018-08-25T04:16:06Z,2018-08-25T17:39:21Z,0.47,Clear,Clear conditions throughout the day.
"New York City,USA",2018-08-26T00:00:00Z,29.9,21.1,25.2,31.8,21.1,26,18.7,67.9,0,0,0,0,0,35.3,12.8,219.5,1020.6,36.1,16,211.7,18.1,8,2018-08-26T04:17:05Z,2018-08-26T17:37:48Z,0.5,Partially cloudy,Becoming cloudy in the afternoon.
"New York City,USA",2018-08-27T00:00:00Z,32.1,23.1,27.7,36.1,23.1,29.7,21.6,70.3,0,0,0,0,0,27.7,9.5,261.7,1018.8,6.7,15.7,206.8,17.7,8,2018-08-27T04:18:04Z,2018-08-27T17:36:15Z,0.54,Clear,Clear conditions throughout the day.
"New York City,USA",2018-08-28T00:00:00Z,35.5,25.7,30.1,40.7,25.7,33.5,23,67.6,0.232,100,4.17,0,0,38.9,24.1,253.6,1017.1,2.9,14.7,242.7,21,8,2018-08-28T04:19:03Z,2018-08-28T17:34:41Z,0.58,Rain,Clear conditions throughout the day with afternoon rain.
"New York City,USA",2018-08-29T00:00:00Z,34.9,26.7,30.6,39.6,29.5,34.6,22.9,65.1,0.696,100,12.5,0,0,37.1,24.1,252.4,1016.1,2.2,15.9,230.1,19.8,8,2018-08-29T04:20:01Z,2018-08-29T17:33:06Z,0.61,Rain,Clear conditions throughout the day with rain.
"New York City,USA",2018-08-30T00:00:00Z,33.2,26.7,29.7,36,28.7,32.4,21.5,62.6,0.232,100,4.17,0,0,30.2,24.1,327.1,1016.5,7.5,16,225.7,19.6,8,2018-08-30T04:21:00Z,2018-08-30T17:31:31Z,0.65,Rain,Clear conditions throughout the day with late afternoon rain.
"New York City,USA",2018-08-31T00:00:00Z,27.1,22.8,24.2,28.3,22.8,24.2,19,73.1,0.496,100,12.5,0,0,44.6,24.1,69.4,1024,92,15.9,54,4.5,2,2018-08-31T04:21:59Z,2018-08-31T17:29:55Z,0.68,"Rain, Overcast",Cloudy skies throughout the day with rain.
"New York City,USA",2018-09-01T00:00:00Z,26.1,21.7,23.2,26.1,21.7,23.2,17.7,71.2,0,0,0,0,0,20.5,20.5,72.3,1026.3,87.7,15.9,184,15.8,7,2018-09-01T04:22:57Z,2018-09-01T17:28:19Z,0.72,Partially cloudy,Partly cloudy throughout the day.
"New York City,USA",2018-09-02T00:00:00Z,28.7,21.6,24.7,31.1,21.6,25.2,20,75.4,0,0,0,0,0,25.9,16.6,165.1,1024.6,54.5,16,179,15.6,7,2018-09-02T04:23:56Z,2018-09-02T17:26:42Z,0.75,Partially cloudy,Partly cloudy throughout the day.
"New York City,USA",2018-09-03T00:00:00Z,32.2,24.4,28,37.9,24.4,31.1,23.5,77.7,1.176,100,12.5,0,0,9.8,9.8,231.4,1024.2,38.9,15.7,239,20.6,8,2018-09-03T04:24:54Z,2018-09-03T17:25:04Z,0.79,"Rain, Partially cloudy",Clearing in the afternoon with afternoon rain.
"New York City,USA",2018-09-04T00:00:00Z,34.2,26.1,29.7,38.2,26.1,32.4,22,64.8,0.232,100,4.17,0,0,9.7,9.7,346.5,1023,14.6,16,214.3,18.6,8,2018-09-04T04:25:53Z,2018-09-04T17:23:27Z,0.82,Rain,Clear conditions throughout the day with morning rain.
"New York City,USA",2018-09-05T00:00:00Z,32.8,25.6,28.2,38.1,25.6,30.8,23.1,74.5,0.464,100,8.33,0,0,27.7,18.4,145.4,1023.1,11.4,15.9,218.9,18.8,8,2018-09-05T04:26:51Z,2018-09-05T17:21:48Z,0.86,Rain,Clear conditions throughout the day with rain.
"New York City,USA",2018-09-06T00:00:00Z,34.3,25.5,28.4,41.4,25.5,31,23.5,76.1,0.934,100,16.67,0,0,50,22.3,205.3,1020.4,43.8,15.6,208.7,18,7,2018-09-06T04:27:49Z,2018-09-06T17:20:09Z,0.89,"Rain, Partially cloudy",Partly cloudy throughout the day with rain.
"New York City,USA",2018-09-07T00:00:00Z,25.5,22.1,24.3,25.5,22.1,24.3,20.9,81.5,0.464,100,8.33,0,0,29.5,19.4,51.1,1020.4,81.1,15.9,58.4,5,2,2018-09-07T04:28:48Z,2018-09-07T17:18:30Z,0.93,"Rain, Partially cloudy",Partly cloudy throughout the day with rain in the morning and afternoon.
"New York City,USA",2018-09-08T00:00:00Z,22.8,18.7,21.2,22.8,18.7,21.2,15.6,70.8,0.031,100,8.33,0,0,29.5,18.2,29.4,1020,64.2,16,66.6,5.9,3,2018-09-08T04:29:46Z,2018-09-08T17:16:51Z,0.96,"Rain, Partially cloudy",Partly cloudy throughout the day with late afternoon rain.
"New York City,USA",2018-09-09T00:00:00Z,18.7,14,16.8,18.7,14,16.8,13.6,82.1,5.545,100,70.83,0,0,38.9,29.5,49.3,1022.9,97.9,15.9,34,2.9,1,2018-09-09T04:30:45Z,2018-09-09T17:15:11Z,0,"Rain, Overcast",Cloudy skies throughout the day with a chance of rain throughout the day.
"New York City,USA",2018-09-10T00:00:00Z,18.8,13.9,16.9,18.8,13.9,16.9,15.6,92,228.784,100,100,0,0,42.5,19.4,59.2,1022.2,100,12.7,42.6,3.7,2,2018-09-10T04:31:43Z,2018-09-10T17:13:31Z,0.03,"Rain, Overcast",Cloudy skies throughout the day with a chance of rain throughout the day.
"New York City,USA",2018-09-11T00:00:00Z,25.5,18.3,21.3,25.5,18.3,21.3,19.7,90.4,0.307,100,29.17,0,0,14.8,14.8,28.7,1020.2,97.3,12.9,84.1,7.1,3,2018-09-11T04:32:42Z,2018-09-11T17:11:50Z,0.06,"Rain, Overcast",Cloudy skies throughout the day with a chance of rain throughout the day.
"New York City,USA",2018-09-12T00:00:00Z,25.6,22.8,23.7,25.6,22.8,23.7,22.6,93.4,5.268,100,37.5,0,0,18.4,18.4,49.4,1023.1,99.1,11,61.7,5.2,3,2018-09-12T04:33:40Z,2018-09-12T17:10:10Z,0.09,"Rain, Overcast",Cloudy skies throughout the day with a chance of rain throughout the day.
"New York City,USA",2018-09-13T00:00:00Z,26.5,21.1,22.9,26.5,21.1,22.9,20.9,89,6.344,100,33.33,0,0,24.1,24.1,52.6,1024.4,100,15.3,69.9,6.2,4,2018-09-13T04:34:39Z,2018-09-13T17:08:29Z,0.13,"Rain, Overcast",Cloudy skies throughout the day with a chance of rain throughout the day.
"New York City,USA",2018-09-14T00:00:00Z,24.9,21.1,22.7,24.9,21.1,22.7,19.5,82.5,0.464,100,8.33,0,0,76,24.1,49.7,1023.8,100,15.7,56.9,4.9,3,2018-09-14T04:35:37Z,2018-09-14T17:06:48Z,0.16,"Rain, Overcast",Cloudy skies throughout the day with rain.
"New York City,USA",2018-09-15T00:00:00Z,26.7,21.1,23.3,27.9,21.1,23.4,19,77.1,0,0,0,0,0,72.4,14.7,88.9,1022.8,38.2,15.8,132,11.4,5,2018-09-15T04:36:36Z,2018-09-15T17:05:07Z,0.19,Partially cloudy,Partly cloudy throughout the day.
"New York City,USA",2018-09-16T00:00:00Z,28.8,20.6,24.4,31,20.6,24.9,19.2,73.6,0,0,0,0,0,51.4,14.5,226.6,1022.8,6.1,16,221.5,19,8,2018-09-16T04:37:34Z,2018-09-16T17:03:25Z,0.25,Clear,Clear conditions throughout the day.
"New York City,USA",2018-09-17T00:00:00Z,26.5,21.7,23.8,26.5,21.7,23.8,20.8,83.2,0.036,100,8.33,0,0,53.6,16.8,160.3,1019.6,68.6,15.6,97.1,8.6,5,2018-09-17T04:38:33Z,2018-09-17T17:01:44Z,0.26,"Rain, Partially cloudy",Partly cloudy throughout the day with afternoon rain.
"New York City,USA",2018-09-18T00:00:00Z,26.1,22.1,24,26.1,22.1,24,22.3,90.1,18.59,100,41.67,0,0,38.9,23.4,248.1,1008.9,83.2,14.8,48.7,4.2,3,2018-09-18T04:39:32Z,2018-09-18T17:00:02Z,0.29,"Rain, Partially cloudy",Partly cloudy throughout the day with a chance of rain throughout the day.
"New York City,USA",2018-09-19T00:00:00Z,29.2,21.7,24.5,30.1,21.7,24.8,19.5,75.1,0.232,100,4.17,0,0,31.7,14.8,80.6,1012.9,37.3,16,191.8,16.6,7,2018-09-19T04:40:31Z,2018-09-19T16:58:21Z,0.32,"Rain, Partially cloudy",Partly cloudy throughout the day with morning rain.
"New York City,USA",2018-09-20T00:00:00Z,24.2,18.8,21,24.2,18.8,21,16.2,74.4,0.509,100,12.5,0,0,59,14.1,88.7,1022.4,98.3,15.9,110.4,9.5,4,2018-09-20T04:41:30Z,2018-09-20T16:56:39Z,0.36,"Rain, Overcast",Cloudy skies throughout the day with rain.
"New York City,USA",2018-09-21T00:00:00Z,23.3,20.6,21.7,23.3,20.6,21.7,17.5,77.1,1.168,100,16.67,0,0,76,21.3,192.3,1022,100,15.8,55.3,4.8,2,2018-09-21T04:42:29Z,2018-09-21T16:54:58Z,0.39,"Rain, Overcast",Cloudy skies throughout the day with rain in the morning and afternoon.
"New York City,USA",2018-09-22T00:00:00Z,23.8,19.2,22.3,23.8,19.2,22.3,15,65,0.232,100,4.17,0,0,62.7,23.4,301.8,1019,23.9,16,172.3,14.9,9,2018-09-22T04:43:28Z,2018-09-22T16:53:16Z,0.42,"Rain, Partially cloudy",Partly cloudy throughout the day with afternoon rain.
"New York City,USA",2018-09-23T00:00:00Z,19.9,17.7,18.7,19.9,17.7,18.7,13.9,73.7,0,0,0,0,0,75,20,43,1024,65.7,16,50.6,4,3,2018-09-23T04:44:27Z,2018-09-23T16:51:35Z,0.45,Partially cloudy,Partly cloudy throughout the day.
"New York City,USA",2018-09-24T00:00:00Z,21.6,16.6,18.6,21.6,16.6,18.6,13.5,72.5,0,0,0,0,0,40.7,31.6,45.8,1030.2,59.8,16,135.9,11.6,7,2018-09-24T04:45:27Z,2018-09-24T16:49:54Z,0.5,Partially cloudy,Partly cloudy throughout the day.
"New York City,USA",2018-09-25T00:00:00Z,23.3,16.1,19.7,23.3,16.1,19.7,18.1,90.5,26.885,100,62.5,0,0,47.7,30.8,47.8,1025.7,93.7,12.1,19.5,1.6,1,2018-09-25T04:46:27Z,2018-09-25T16:48:12Z,0.52,"Rain, Overcast",Cloudy skies throughout the day with a chance of rain throughout the day.
"New York City,USA",2018-09-26T00:00:00Z,29.9,22.2,24.7,33.8,22.2,25.4,22.3,87.4,3.816,100,25,0,0,38.9,12.4,237.4,1015.4,76.1,15.2,105.1,9.2,5,2018-09-26T04:47:26Z,2018-09-26T16:46:31Z,0.56,"Rain, Partially cloudy",Partly cloudy throughout the day with rain.
"New York City,USA",2018-09-27T00:00:00Z,24.8,18.2,20.9,24.8,18.2,20.9,13.9,65.1,0,0,0,0,0,86.8,21.9,51.8,1019.1,54.5,16,172,14.8,7,2018-09-27T04:48:26Z,2018-09-27T16:44:51Z,0.59,Partially cloudy,Becoming cloudy in the afternoon.
"New York City,USA",2018-09-28T00:00:00Z,20,15.5,17.4,20,15.5,17.4,14.7,84.7,12.747,100,37.5,0,0,85,25,34.3,1017.5,79.2,13.8,58.8,5.1,3,2018-09-28T04:49:27Z,2018-09-28T16:43:10Z,0.63,"Rain, Partially cloudy",Partly cloudy throughout the day with a chance of rain throughout the day.
"New York City,USA",2018-09-29T00:00:00Z,24.8,15.6,19.5,24.8,15.6,19.5,13.4,69.8,0,0,0,0,0,76,23.5,282.2,1022.3,28.5,15.6,188.5,16.2,7,2018-09-29T04:50:27Z,2018-09-29T16:41:30Z,0.66,Partially cloudy,Partly cloudy throughout the day.
"New York City,USA",2018-09-30T00:00:00Z,22.7,15.5,19.3,22.7,15.5,19.3,12.1,63.6,0,0,0,0,0,79.6,23.3,52,1026.8,0.4,16,195.5,16.8,7,2018-09-30T04:51:28Z,2018-09-30T16:39:50Z,0.7,Clear,Clear conditions throughout the day.
"New York City,USA",2020-06-01T00:00:00Z,23.2,11.7,17.3,23.2,11.7,17.3,3.5,40.8,0,0,0,0,0,50.8,20.6,281.4,1021.8,37.3,16,288.4,24.9,8,2020-06-01T03:26:56Z,2020-06-01T18:21:25Z,0.35,Partially cloudy,Becoming cloudy in the afternoon.
"New York City,USA",2020-06-02T00:00:00Z,23.3,15.1,19.3,23.3,15.1,19.3,8.3,49.5,0,0,0,0,0,18.4,18.4,259.4,1015.4,53.3,16,178.7,15.2,7,2020-06-02T03:26:32Z,2020-06-02T18:22:07Z,0.39,Partially cloudy,Partly cloudy throughout the day.
"New York City,USA",2020-06-03T00:00:00Z,26.1,16.2,21,26.1,16.2,21,16.3,75.2,9.296,100,25,0,0,46.4,22.3,263.4,1005.1,23.7,15.4,190,16.5,7,2020-06-03T03:26:10Z,2020-06-03T18:22:48Z,0.42,"Rain, Partially cloudy",Partly cloudy throughout the day with a chance of rain throughout the day.
"New York City,USA",2020-06-04T00:00:00Z,30.6,19.4,23.7,30.4,19.4,23.7,17,68.5,0.23,100,4.17,0,0,83.2,13.2,216.9,1010.6,17.1,16,262.8,22.8,8,2020-06-04T03:25:50Z,2020-06-04T18:23:28Z,0.46,Rain,Clear conditions throughout the day with afternoon rain.
"New York City,USA",2020-06-05T00:00:00Z,28.2,20,22.5,29.9,20,22.7,19.7,84.7,4.264,100,33.33,0,0,31.7,16.5,246.3,1012.5,54.7,15.4,106.1,9.2,5,2020-06-05T03:25:32Z,2020-06-05T18:24:07Z,0.5,"Rain, Partially cloudy",Partly cloudy throughout the day with rain.
"New York City,USA",2020-06-06T00:00:00Z,30,20.7,24.8,32.3,20.7,25.2,17.8,69.9,2.329,100,16.67,0,0,59,18.3,256.8,1008.2,40.9,14.9,254.9,22.1,9,2020-06-06T03:25:16Z,2020-06-06T18:24:44Z,0.53,"Rain, Partially cloudy",Partly cloudy throughout the day with rain.
"New York City,USA",2020-06-07T00:00:00Z,26.5,17.8,22.3,26.5,17.8,22.3,9.1,44.1,0.23,100,4.17,0,0,47.9,22.4,351.6,1012,40.8,16,309.8,26.6,10,2020-06-07T03:25:02Z,2020-06-07T18:25:19Z,0.56,"Rain, Partially cloudy",Becoming cloudy in the afternoon with afternoon rain.
"New York City,USA",2020-06-08T00:00:00Z,27.7,17.1,21.8,26.9,17.1,21.7,9,45.2,0,0,0,0,0,59,16.5,281.6,1016,1.8,16,342.7,29.7,10,2020-06-08T03:24:50Z,2020-06-08T18:25:53Z,0.59,Clear,Clear conditions throughout the day.
"New York City,USA",2020-06-09T00:00:00Z,30.7,18.4,24.6,30.3,18.4,24.5,13.9,52.6,0,0,0,0,0,35.3,14.9,246,1013.9,0.6,16,328,28.3,9,2020-06-09T03:24:40Z,2020-06-09T18:26:26Z,0.62,Clear,Clear conditions throughout the day.
"New York City,USA",2020-06-10T00:00:00Z,28.3,21.7,24.5,30.3,21.7,24.8,17.8,66.8,0,0,0,0,0,48.1,20.6,95.5,1014.7,1.2,16,314.2,27.2,9,2020-06-10T03:24:32Z,2020-06-10T18:26:57Z,0.66,Clear,Clear conditions throughout the day.
"New York City,USA",2020-06-11T00:00:00Z,27.2,21.8,23.4,29,21.8,23.5,20.3,83.2,0.541,100,12.5,0,0,53.6,29.3,235,1015.6,76.8,15.9,114.3,9.6,5,2020-06-11T03:24:26Z,2020-06-11T18:27:26Z,0.69,"Rain, Partially cloudy",Partly cloudy throughout the day with rain in the morning and afternoon.
"New York City,USA",2020-06-12T00:00:00Z,29.3,20.7,25,28,20.7,24.7,14,55.3,0,0,0,0,0,57.2,16.6,247.8,1017.9,30.8,15.9,294.7,25.5,10,2020-06-12T03:24:22Z,2020-06-12T18:27:54Z,0.72,Partially cloudy,Becoming cloudy in the afternoon.
"New York City,USA",2020-06-13T00:00:00Z,25.5,16.7,20.9,25.5,16.7,20.9,8,44.3,0,0,0,0,0,38.9,25.8,18.1,1021.5,4.5,16,346,29.8,10,2020-06-13T03:24:20Z,2020-06-13T18:28:20Z,0.75,Clear,Clear conditions throughout the day.
"New York City,USA",2020-06-14T00:00:00Z,24.2,14.3,18.8,24.2,14.3,18.8,8.1,50.4,0,0,0,0,0,37.1,25.7,70,1027.8,9.7,16,343.1,29.6,10,2020-06-14T03:24:19Z,2020-06-14T18:28:45Z,0.79,Clear,Clear conditions throughout the day.
"New York City,USA",2020-06-15T00:00:00Z,23.4,17.1,19.6,23.4,17.1,19.6,11.7,61.2,0,0,0,0,0,33.5,24.2,63.1,1029.1,3.3,16,293.8,25.3,9,2020-06-15T03:24:21Z,2020-06-15T18:29:08Z,0.82,Clear,Clear conditions throughout the day.
"New York City,USA",2020-06-16T00:00:00Z,25,17.1,20.5,25,17.1,20.5,11.7,58.5,0,0,0,0,0,33.5,24.1,64.5,1028,0.7,16,336.3,29,10,2020-06-16T03:24:25Z,2020-06-16T18:29:29Z,0.85,Clear,Clear conditions throughout the day.
"New York City,USA",2020-06-17T00:00:00Z,26.1,17.8,20.6,26.1,17.8,20.6,14.5,69.1,0,0,0,0,0,33.5,24.2,58.5,1024.6,34.9,16,275,23.8,10,2020-06-17T03:24:30Z,2020-06-17T18:29:48Z,0.88,Partially cloudy,Becoming cloudy in the afternoon.
"New York City,USA",2020-06-18T00:00:00Z,24.4,18.9,21,24.4,18.9,21,17.9,83,0,0,0,0,0,18.4,18.4,97.7,1021.9,84.6,15.8,196.4,17,6,2020-06-18T03:24:38Z,2020-06-18T18:30:06Z,0.92,Partially cloudy,Partly cloudy throughout the day.
"New York City,USA",2020-06-19T00:00:00Z,27.3,18.4,22.4,28.2,18.4,22.5,18,78.3,0,0,0,0,0,38.9,24.3,199.6,1020.1,46.2,14,306.9,26.5,10,2020-06-19T03:24:47Z,2020-06-19T18:30:21Z,0.95,Partially cloudy,Clearing in the afternoon.
"New York City,USA",2020-06-20T00:00:00Z,29.4,20.7,24.2,30.5,20.7,24.6,18.5,71.7,0,0,0,0,0,64.1,18.1,232.5,1017.9,1.4,16,277.2,23.8,9,2020-06-20T03:24:58Z,2020-06-20T18:30:35Z,0.98,Clear,Clear conditions throughout the day.
"New York City,USA",2020-06-21T00:00:00Z,30,20.7,24.8,31.4,20.7,25.3,18.9,70.9,0,0,0,0,0,29.5,12.8,229.1,1016,1.1,16,325.3,27.9,9,2020-06-21T03:25:11Z,2020-06-21T18:30:47Z,0,Clear,Clear conditions throughout the day.
"New York City,USA",2020-06-22T00:00:00Z,32.2,21.8,26.2,33.8,21.8,26.8,19.2,67.4,0,0,0,0,0,37.1,21.6,205.9,1014,1.1,16,322.4,27.9,9,2020-06-22T03:25:26Z,2020-06-22T18:30:57Z,0.05,Clear,Clear conditions throughout the day.
"New York City,USA",2020-06-23T00:00:00Z,28.9,22.9,25.7,30.7,22.9,26.4,19.9,71.4,0,0,0,0,0,38.9,20.2,178.8,1008.9,5.1,16,302.3,26.2,9,2020-06-23T03:25:43Z,2020-06-23T18:31:05Z,0.09,Clear,Clear conditions throughout the day.
"New York City,USA",2020-06-24T00:00:00Z,30,23.4,26.5,29.2,23.4,26.3,17.2,60.2,0,0,0,0,0,40.7,23.7,260.4,1006.5,27.8,16,301.3,26.1,9,2020-06-24T03:26:01Z,2020-06-24T18:31:11Z,0.12,Partially cloudy,Partly cloudy throughout the day.
"New York City,USA",2020-06-25T00:00:00Z,29.4,22.2,25.1,28.8,22.2,25,14.4,52.8,0,0,0,0,0,69.4,17.9,221.6,1014.2,11.5,16,255.4,22.1,9,2020-06-25T03:26:21Z,2020-06-25T18:31:15Z,0.16,Clear,Clear conditions throughout the day.
"New York City,USA",2020-06-26T00:00:00Z,30.6,20.7,25.5,29.6,20.7,25.3,15.1,55.8,0,0,0,0,0,35.3,21.7,258.6,1014,22.7,16,300.6,26.1,10,2020-06-26T03:26:43Z,2020-06-26T18:31:17Z,0.19,Partially cloudy,Becoming cloudy in the afternoon.
"New York City,USA",2020-06-27T00:00:00Z,26,21.8,24.2,26,21.8,24.2,18.5,71.2,0.901,100,20.83,0,0,53.6,24,254.5,1009.1,23.1,15.7,107,9.2,4,2020-06-27T03:27:06Z,2020-06-27T18:31:18Z,0.23,"Rain, Partially cloudy",Partly cloudy throughout the day with rain.
"New York City,USA",2020-06-28T00:00:00Z,31.2,22.3,25.8,33.6,22.3,26.7,20.5,74.3,4.399,100,4.17,0,0,37.1,13.1,232.2,1006.9,16.8,15.7,272.6,23.4,10,2020-06-28T03:27:31Z,2020-06-28T18:31:16Z,0.25,Rain,Clear conditions throughout the day with late afternoon rain.
"New York City,USA",2020-06-29T00:00:00Z,31.6,21.7,25.3,32,21.7,25.6,18.5,67.9,2.106,100,8.33,0,0,76,19.8,9,1009.2,23.1,16,272.7,23.5,9,2020-06-29T03:27:58Z,2020-06-29T18:31:12Z,0.3,"Rain, Partially cloudy",Becoming cloudy in the afternoon with late afternoon rain.
"New York City,USA",2020-06-30T00:00:00Z,27,20.6,23.1,27.9,20.6,23.1,18,73.3,0.23,100,4.17,0,0,94.3,16.6,13.1,1012.1,33.4,16,189.8,16.3,8,2020-06-30T03:28:26Z,2020-06-30T18:31:06Z,0.34,"Rain, Partially cloudy",Partly cloudy throughout the day with morning rain.
"New York City,USA",2020-07-01T00:00:00Z,25.7,19.5,22.8,25.7,19.5,22.8,18.5,77.5,13.809,100,16.67,0,0,88.9,11.5,160.6,1011.7,28.7,15.7,206.6,17.9,8,2020-07-01T03:28:56Z,2020-07-01T18:30:58Z,0.37,"Rain, Partially cloudy",Partly cloudy throughout the day with rain in the morning and afternoon.
"New York City,USA",2020-07-02T00:00:00Z,32.2,21.1,26.4,33.5,21.1,27,18.4,63.5,0,0,0,0,0,14.3,14.3,339.6,1009.9,15.9,16,300.4,25.9,9,2020-07-02T03:29:27Z,2020-07-02T18:30:48Z,0.41,Clear,Clear conditions throughout the day.
"New York City,USA",2020-07-03T00:00:00Z,32.8,23.3,27.8,35,23.3,28.7,19.5,62.1,0.2,100,16.67,0,0,37.1,25.8,61.6,1010.1,38.2,15.9,214.4,18.3,7,2020-07-03T03:30:00Z,2020-07-03T18:30:37Z,0.45,"Rain, Partially cloudy",Partly cloudy throughout the day with late afternoon rain.
"New York City,USA",2020-07-04T00:00:00Z,31.1,21.1,24.7,32.6,21.1,25,19.2,73.5,0.277,100,8.33,0,0,16.2,16.2,88.1,1013.1,52.3,15.2,267,23.1,10,2020-07-04T03:30:34Z,2020-07-04T18:30:23Z,0.48,"Rain, Partially cloudy",Clearing in the afternoon with rain clearing later.
"New York City,USA",2020-07-05T00:00:00Z,33.8,22.2,26.9,35.2,22.2,27.8,19.8,67.9,0,0,0,0,0,14.5,14.5,238.1,1014,31.6,15.7,310.6,26.8,9,2020-07-05T03:31:09Z,2020-07-05T18:30:07Z,0.5,Partially cloudy,Clearing in the afternoon.
"New York City,USA",2020-07-06T00:00:00Z,33.9,22.2,26.2,34.5,22.2,26.6,19.5,69,0.646,100,20.83,0,0,51,21.9,245.8,1016.7,15.5,15.6,253.6,21.8,9,2020-07-06T03:31:46Z,2020-07-06T18:29:49Z,0.55,Rain,Clear conditions throughout the day with rain.
"New York City,USA",2020-07-07T00:00:00Z,27.6,22.8,25,29.4,22.8,25.5,21,78.7,0,0,0,0,0,27.7,16.1,86.1,1019.1,81.1,16,193.5,16.6,7,2020-07-07T03:32:24Z,2020-07-07T18:29:29Z,0.58,Partially cloudy,Partly cloudy throughout the day.
"New York City,USA",2020-07-08T00:00:00Z,29.9,23.9,25.8,33.8,23.9,26.7,22.2,80.9,0.263,100,8.33,0,0,92.5,12.8,229.4,1016.2,47.4,16,172.6,15,10,2020-07-08T03:33:03Z,2020-07-08T18:29:07Z,0.61,"Rain, Partially cloudy",Partly cloudy throughout the day with rain.
"New York City,USA",2020-07-09T00:00:00Z,31.7,23.4,26.8,34.6,23.4,28,21.9,75.9,0.699,100,4.17,0,0,81.4,20.6,198.4,1015.6,11.9,15.9,327,28.3,9,2020-07-09T03:33:44Z,2020-07-09T18:28:43Z,0.64,Rain,Clear conditions throughout the day with morning rain.
"New York City,USA",2020-07-10T00:00:00Z,25.6,23.3,24.3,25.6,23.3,24.3,22.5,90.2,4.831,100,54.17,0,0,55.2,33.4,52,1010.4,86.2,11.9,41.4,3.4,2,2020-07-10T03:34:26Z,2020-07-10T18:28:17Z,0.68,"Rain, Partially cloudy",Partly cloudy throughout the day with rain.
"New York City,USA",2020-07-11T00:00:00Z,30.5,23.3,26.1,35.7,23.3,27.8,22.7,82.2,0.709,100,25,0,0,50,27.1,222.1,1005.2,49,15,221,19.3,8,2020-07-11T03:35:08Z,2020-07-11T18:27:49Z,0.71,"Rain, Partially cloudy",Partly cloudy throughout the day with rain.
"New York City,USA",2020-07-12T00:00:00Z,32.1,22.8,27.3,33.1,22.8,27.8,18.9,61.9,0.316,100,12.5,0,0,48.1,21.3,260.8,1006.4,19.9,16,311,27,10,2020-07-12T03:35:52Z,2020-07-12T18:27:19Z,0.75,Rain,Clear conditions throughout the day with rain.
"New York City,USA",2020-07-13T00:00:00Z,32,22.8,27.2,32,22.8,27.6,18.5,61,0.023,100,4.17,0,0,31.7,19.9,253.7,1008.9,28.1,16,309.2,26.6,10,2020-07-13T03:36:37Z,2020-07-13T18:26:47Z,0.77,"Rain, Partially cloudy",Partly cloudy throughout the day with early morning rain.
"New York City,USA",2020-07-14T00:00:00Z,31.5,22.2,27,31.7,22.2,27.1,16.5,53.9,0,0,0,0,0,27.7,18.4,279,1014,17.7,16,327.4,28,10,2020-07-14T03:37:23Z,2020-07-14T18:26:13Z,0.8,Clear,Clear conditions throughout the day.
"New York City,USA",2020-07-15T00:00:00Z,28.7,22.8,25,29.8,22.8,25.3,18.8,69.1,0,0,0,0,0,27.7,19.9,104.7,1021.5,47.8,16,248.4,21.5,9,2020-07-15T03:38:10Z,2020-07-15T18:25:37Z,0.84,Partially cloudy,Partly cloudy throughout the day.
"New York City,USA",2020-07-16T00:00:00Z,26.1,21.7,23.5,26.1,21.7,23.5,17,67.2,0,0,0,0,0,38.9,18.2,135.4,1025.7,62,16,258.9,22.5,9,2020-07-16T03:38:57Z,2020-07-16T18:24:59Z,0.87,Partially cloudy,Partly cloudy throughout the day.
"New York City,USA",2020-07-17T00:00:00Z,31,21.1,24.9,35.2,21.1,26,20.5,77.1,0.047,100,8.33,0,0,50,17.9,189.7,1020,54.1,15.9,131,11.4,5,2020-07-17T03:39:46Z,2020-07-17T18:24:20Z,0.9,"Rain, Partially cloudy",Partly cloudy throughout the day with morning rain.
"New York City,USA",2020-07-18T00:00:00Z,34.8,23.8,28.3,36.5,23.8,29.1,20.1,64,0,0,0,0,0,70.2,11.1,267.2,1017.4,4.4,16,321.3,27.7,10,2020-07-18T03:40:35Z,2020-07-18T18:23:38Z,0.93,Clear,Clear conditions throughout the day.
"New York City,USA",2020-07-19T00:00:00Z,34.9,24.4,29,38.2,24.4,31.2,21.7,66,0,0,0,0,0,40.7,20.2,223.2,1013.7,0.9,16,292.7,25.2,9,2020-07-19T03:41:26Z,2020-07-19T18:22:55Z,0.97,Clear,Clear conditions throughout the day.
"New York City,USA",2020-07-20T00:00:00Z,34.9,26.8,30.4,39,29.6,33.3,21.7,62.1,0,0,0,0,0,31.8,20,260.7,1010.9,13.6,15.8,287,24.6,9,2020-07-20T03:42:16Z,2020-07-20T18:22:10Z,0,Clear,Clear conditions throughout the day.
"New York City,USA",2020-07-21T00:00:00Z,33.8,26.6,29.4,35.7,26.6,30.8,19.3,55.6,0,0,0,0,0,29.5,12.9,200.9,1015.7,6.2,16,303.8,26.2,10,2020-07-21T03:43:08Z,2020-07-21T18:21:23Z,0.03,Clear,Clear conditions throughout the day.
"New York City,USA",2020-07-22T00:00:00Z,34.3,23.3,27.7,40,23.3,29.9,22.7,75.8,12.386,100,29.17,0,0,81.4,26.9,235.3,1016.3,32.2,15.5,249.8,21.7,10,2020-07-22T03:44:00Z,2020-07-22T18:20:34Z,0.07,"Rain, Partially cloudy",Clearing in the afternoon with rain.
"New York City,USA",2020-07-23T00:00:00Z,31.6,23.3,26.6,37.1,23.3,28.4,22.5,79.2,0.013,100,4.17,0,0,31.7,16.3,243.6,1016.5,45.4,16,216.6,18.6,9,2020-07-23T03:44:53Z,2020-07-23T18:19:43Z,0.11,"Rain, Partially cloudy",Partly cloudy throughout the day with afternoon rain.
"New York City,USA",2020-07-24T00:00:00Z,26.6,23.3,25,26.6,23.3,25,21.9,83,0.335,100,12.5,0,0,31.7,23.5,46.9,1018,52,16,80,6.8,3,2020-07-24T03:45:47Z,2020-07-24T18:18:51Z,0.14,"Rain, Partially cloudy",Partly cloudy throughout the day with rain clearing later.
"New York City,USA",2020-07-25T00:00:00Z,32.1,23.8,27.5,35.3,23.8,29.2,21.9,73.2,0,0,0,0,0,33.5,16.3,238.6,1018.6,10,15.8,296.2,25.5,10,2020-07-25T03:46:41Z,2020-07-25T18:17:57Z,0.18,Clear,Clear conditions throughout the day.
"New York City,USA",2020-07-26T00:00:00Z,34.3,25,29.5,36,25,30.5,20.4,61.8,0,0,0,0,0,39,23.2,253.4,1015.4,10.5,15.9,300.8,25.9,9,2020-07-26T03:47:35Z,2020-07-26T18:17:01Z,0.21,Clear,Clear conditions throughout the day.
"New York City,USA",2020-07-27T00:00:00Z,34.9,25.7,30.2,38,25.7,31.9,19.8,54.5,0,0,0,0,0,42.5,22.1,256.4,1010.2,2.3,16,315,27,9,2020-07-27T03:48:30Z,2020-07-27T18:16:04Z,0.25,Clear,Clear conditions throughout the day.
"New York City,USA",2020-07-28T00:00:00Z,33.4,26.8,29.8,37.6,28.9,32.9,21.8,62.6,0,0,0,0,0,37,25.3,256.2,1008.9,32.6,16,230.9,19.9,9,2020-07-28T03:49:26Z,2020-07-28T18:15:05Z,0.28,Partially cloudy,Partly cloudy throughout the day.
"New York City,USA",2020-07-29T00:00:00Z,32.7,25.1,29,36.7,25.1,31.2,21,62.7,0.469,100,4.17,0,0,90.7,14.6,226.6,1012.5,14.3,16,299.1,25.7,10,2020-07-29T03:50:22Z,2020-07-29T18:14:04Z,0.32,Rain,Clear conditions throughout the day with afternoon rain.
"New York City,USA",2020-07-30T00:00:00Z,33.3,25.6,29.2,36,25.6,30.5,19.2,55.3,0,0,0,0,0,68.4,15.9,250.7,1010.8,3.3,16,242.3,20.8,9,2020-07-30T03:51:18Z,2020-07-30T18:13:02Z,0.36,Clear,Clear conditions throughout the day.
"New York City,USA",2020-07-31T00:00:00Z,28.3,22.1,24.6,30.7,22.1,25.1,20.8,80.2,7.25,100,29.17,0,0,64.8,15.9,36.5,1009.9,54.5,14.8,106.1,9.3,5,2020-07-31T03:52:14Z,2020-07-31T18:11:58Z,0.39,"Rain, Partially cloudy",Partly cloudy throughout the day with rain clearing later.
"New York City,USA",2020-08-01T00:00:00Z,32.7,23.3,27.2,33.8,23.3,27.7,20.1,67.6,0,0,0,0,0,35.3,16.6,205.6,1013.4,2.2,16,305.3,26.5,10,2020-08-01T03:53:11Z,2020-08-01T18:10:53Z,0.43,Clear,Clear conditions throughout the day.
"New York City,USA",2020-08-02T00:00:00Z,32.1,25,28.1,38.4,25,31,23.2,75.4,0,0,0,0,0,49.5,23.4,187.1,1012.9,51.5,16,211.9,18.3,9,2020-08-02T03:54:09Z,2020-08-02T18:09:47Z,0.46,Partially cloudy,Partly cloudy throughout the day.
"New York City,USA",2020-08-03T00:00:00Z,32.7,23.7,28.4,34.8,23.7,30,20.2,62.3,2.875,100,8.33,0,0,73.8,20,253,1015.8,12.9,16,286,24.7,9,2020-08-03T03:55:06Z,2020-08-03T18:08:38Z,0.5,Rain,Clear conditions throughout the day with late afternoon rain.
"New York City,USA",2020-08-04T00:00:00Z,27.2,22.2,25.1,28.3,22.2,25.2,21.3,79.9,3.423,100,33.33,0,0,69.4,43.9,200.6,1010.7,61.5,14.6,79.1,6.8,5,2020-08-04T03:56:04Z,2020-08-04T18:07:29Z,0.53,"Rain, Partially cloudy",Partly cloudy throughout the day with a chance of rain throughout the day.
"New York City,USA",2020-08-05T00:00:00Z,31.6,23.9,27.3,32,23.9,27.6,19.1,63.3,0,0,0,0,0,29.5,19.5,253.4,1015.7,21.7,16,292.5,25.3,9,2020-08-05T03:57:02Z,2020-08-05T18:06:18Z,0.56,Partially cloudy,Partly cloudy throughout the day.
"New York City,USA",2020-08-06T00:00:00Z,28.2,23.7,25.5,29.2,23.7,25.7,17.5,62,0,0,0,0,0,63,14.4,128.3,1019.3,23.4,16,197.8,17.3,9,2020-08-06T03:58:00Z,2020-08-06T18:05:05Z,0.6,Partially cloudy,Clearing in the afternoon.
"New York City,USA",2020-08-07T00:00:00Z,27.1,21.1,24.1,28.8,21.1,24.2,19.1,74.3,5.385,100,33.33,0,0,33.5,20.2,57.8,1019.9,41.1,15.7,111.5,9.8,5,2020-08-07T03:58:58Z,2020-08-07T18:03:52Z,0.63,"Rain, Partially cloudy",Partly cloudy throughout the day with rain.
"New York City,USA",2020-08-08T00:00:00Z,30.4,22.7,25.1,33.1,22.7,25.6,20.6,77.3,0,0,0,0,0,14.4,14.4,96.2,1020.6,49.7,15.9,176.5,15.2,8,2020-08-08T03:59:57Z,2020-08-08T18:02:37Z,0.66,Partially cloudy,Partly cloudy throughout the day.
"New York City,USA",2020-08-09T00:00:00Z,31.1,22.8,26.4,34.3,22.8,27.8,21.4,75.3,0,0,0,0,0,35.3,18.6,211.6,1019.3,29.3,15.9,281.7,24.4,10,2020-08-09T04:00:55Z,2020-08-09T18:01:21Z,0.69,Partially cloudy,Partly cloudy throughout the day.
"New York City,USA",2020-08-10T00:00:00Z,33.3,24.4,28.5,37.5,24.4,30.7,22.4,71.3,0,0,0,0,0,68.4,15.9,222.6,1016.4,10.4,15.7,283.2,24.5,9,2020-08-10T04:01:54Z,2020-08-10T18:00:03Z,0.73,Clear,Clear conditions throughout the day.
"New York City,USA",2020-08-11T00:00:00Z,31.6,25.1,28,36.4,25.1,30.4,23.1,76,0.16,100,4.17,0,0,81.4,16.2,215.7,1014.7,12.4,15.9,273.8,23.6,9,2020-08-11T04:02:53Z,2020-08-11T17:58:44Z,0.75,Rain,Clear conditions throughout the day with afternoon rain.
"New York City,USA",2020-08-12T00:00:00Z,33.1,24.2,27.7,39.8,24.2,30,23.4,78.1,26.201,100,16.67,0,0,50,13.3,237.1,1016.2,34.1,15.1,197.4,16.9,8,2020-08-12T04:03:51Z,2020-08-12T17:57:25Z,0.79,"Rain, Partially cloudy",Partly cloudy throughout the day with rain.
"New York City,USA",2020-08-13T00:00:00Z,26.2,23.3,25.5,26.2,23.3,25.5,22.1,81.5,0.312,100,12.5,0,0,17.5,17.5,49.3,1018.5,38.5,15.4,76.9,6.6,3,2020-08-13T04:04:50Z,2020-08-13T17:56:04Z,0.82,"Rain, Partially cloudy",Partly cloudy throughout the day with rain in the morning and afternoon.
"New York City,USA",2020-08-14T00:00:00Z,31.5,23.8,27.2,31.8,23.8,27.5,19.6,65.8,0,0,0,0,0,76,25.2,47.2,1016.1,24.6,15.9,234.8,20.3,8,2020-08-14T04:05:49Z,2020-08-14T17:54:42Z,0.86,Partially cloudy,Becoming cloudy in the afternoon.
"New York City,USA",2020-08-15T00:00:00Z,29.9,23.3,25.7,30.2,23.3,25.9,16.8,58.2,0,0,0,0,0,35.3,25.4,47,1016,17.8,16,220.6,19,9,2020-08-15T04:06:48Z,2020-08-15T17:53:18Z,0.89,Clear,Clear conditions throughout the day.
"New York City,USA",2020-08-16T00:00:00Z,22.9,20.6,21.4,22.9,20.6,21.4,18.1,81.6,0.306,100,45.83,0,0,37.1,25.5,34.2,1014.6,93.6,15.8,42.7,3.7,1,2020-08-16T04:07:47Z,2020-08-16T17:51:54Z,0.92,"Rain, Overcast",Cloudy skies throughout the day with rain in the morning and afternoon.
"New York City,USA",2020-08-17T00:00:00Z,28.8,19.9,23,29.7,19.9,23.2,17.6,72.2,2.154,100,8.33,0,0,70.6,18.5,194.3,1012.8,48.8,15.5,238.8,20.7,9,2020-08-17T04:08:46Z,2020-08-17T17:50:29Z,0.95,"Rain, Partially cloudy",Partly cloudy throughout the day with late afternoon rain.
"New York City,USA",2020-08-18T00:00:00Z,29.8,19.3,24.2,29.9,19.3,24.2,16.9,66.9,5.957,100,12.5,0,0,43.4,14.3,247.2,1011.1,42.5,15.8,265,22.9,9,2020-08-18T04:09:45Z,2020-08-18T17:49:03Z,0,"Rain, Partially cloudy",Partly cloudy throughout the day with rain clearing later.
"New York City,USA",2020-08-19T00:00:00Z,26.5,20.6,23.3,26.5,20.6,23.3,18.3,74,3.259,100,16.67,0,0,58.6,19.9,38.6,1013.5,41.7,15.5,108.6,9.3,4,2020-08-19T04:10:44Z,2020-08-19T17:47:36Z,0.02,"Rain, Partially cloudy",Partly cloudy throughout the day with rain in the morning and afternoon.
"New York City,USA",2020-08-20T00:00:00Z,29.2,19.3,24,28.2,19.3,23.8,14.1,56.3,0,0,0,0,0,14.2,14.2,256.4,1017.2,0.5,16,288.8,25,9,2020-08-20T04:11:43Z,2020-08-20T17:46:07Z,0.06,Clear,Clear conditions throughout the day.
"New York City,USA",2020-08-21T00:00:00Z,31,20.7,25.3,32,20.7,25.9,18.4,66.9,0,0,0,0,0,33.5,18.2,245.6,1014.7,13.5,16,255.7,22,8,2020-08-21T04:12:42Z,2020-08-21T17:44:38Z,0.09,Clear,Clear conditions throughout the day.
"New York City,USA",2020-08-22T00:00:00Z,31.5,23.4,26.7,33.8,23.4,27.8,20.7,70.8,0.23,100,4.17,0,0,31.7,14.5,249,1013.9,7.4,16,235.9,20.3,9,2020-08-22T04:13:41Z,2020-08-22T17:43:09Z,0.13,Rain,Clear conditions throughout the day with afternoon rain.
"New York City,USA",2020-08-23T00:00:00Z,31.5,23.4,26.4,34.9,23.4,27.7,21.5,75.1,0,0,0,0,0,14.6,14.6,229.1,1017.2,2,16,217.7,18.8,9,2020-08-23T04:14:40Z,2020-08-23T17:41:38Z,0.16,Clear,Clear conditions throughout the day.
"New York City,USA",2020-08-24T00:00:00Z,32.2,23.9,27.8,36,23.9,29.4,21.5,70.1,0,0,0,0,0,37.1,14.7,242.2,1015.4,6.5,16,244.5,21.4,8,2020-08-24T04:15:39Z,2020-08-24T17:40:07Z,0.2,Clear,Clear conditions throughout the day.
"New York City,USA",2020-08-25T00:00:00Z,32.8,23.9,27.6,35.8,23.9,28.4,19.8,64,1.501,100,4.17,0,0,63.4,25.3,260.8,1009.9,17.8,16,231.6,20,8,2020-08-25T04:16:38Z,2020-08-25T17:38:34Z,0.25,Rain,Clear conditions throughout the day with late afternoon rain.
"New York City,USA",2020-08-26T00:00:00Z,28.1,20.6,24.2,27.3,20.6,24.2,12.8,49.8,0,0,0,0,0,44.6,11.6,301.4,1013.4,4.1,16,258,22.2,9,2020-08-26T04:17:37Z,2020-08-26T17:37:01Z,0.27,Clear,Clear conditions throughout the day.
"New York City,USA",2020-08-27T00:00:00Z,32.8,21.1,26.2,35.9,21.1,27.3,18.7,64.2,3.701,100,16.67,0,0,66.6,32.9,257.2,1008.5,42.5,16,233.9,20.4,9,2020-08-27T04:18:35Z,2020-08-27T17:35:28Z,0.3,"Rain, Partially cloudy",Partly cloudy throughout the day with rain.
"New York City,USA",2020-08-28T00:00:00Z,31.1,22.2,25.5,33.4,22.2,26,20.1,73.5,0.005,100,8.33,0,0,32.6,18.1,247.3,1009.6,25,16,209.4,18.2,9,2020-08-28T04:19:34Z,2020-08-28T17:33:54Z,0.34,"Rain, Partially cloudy",Partly cloudy throughout the day with late afternoon rain.
"New York City,USA",2020-08-29T00:00:00Z,27.8,22.8,24.7,31.2,22.8,25.1,21.9,84.9,0.25,100,20.83,0,0,27.7,18.4,239.3,1002.8,65.9,16,84.7,7.3,4,2020-08-29T04:20:33Z,2020-08-29T17:32:19Z,0.37,"Rain, Partially cloudy",Partly cloudy throughout the day with rain in the morning and afternoon.
"New York City,USA",2020-08-30T00:00:00Z,28.7,20.6,24.3,28.2,20.6,24.2,13.8,53.4,0,0,0,0,0,53.6,16.7,288.5,1006.7,26.1,16,246.2,21.5,10,2020-08-30T04:21:31Z,2020-08-30T17:30:43Z,0.41,Partially cloudy,Partly cloudy throughout the day.
"New York City,USA",2020-08-31T00:00:00Z,25.6,20.4,22.7,25.6,20.4,22.7,14.3,59.6,0,0,0,0,0,20,20,70.9,1018.2,18,16,157.5,13.6,6,2020-08-31T04:22:30Z,2020-08-31T17:29:07Z,0.44,Clear,Clear conditions throughout the day.
"New York City,USA",2020-09-01T00:00:00Z,27.7,19.4,23.1,28.6,19.4,23.2,18.4,75.6,3.848,100,29.17,0,0,68.4,19.8,99.2,1019.7,53.5,15.2,167,14.4,7,2020-09-01T04:23:28Z,2020-09-01T17:27:30Z,0.48,"Rain, Partially cloudy",Partly cloudy throughout the day with a chance of rain throughout the day.
"New York City,USA",2020-09-02T00:00:00Z,27.7,21.6,24.3,30.4,21.6,24.6,21.5,84.8,0.176,100,29.17,0,0,17.8,17.8,65,1013,87.1,14.8,81.5,6.9,4,2020-09-02T04:24:27Z,2020-09-02T17:25:53Z,0.5,"Rain, Partially cloudy",Partly cloudy throughout the day with rain clearing later.
"New York City,USA",2020-09-03T00:00:00Z,32,23.3,26.2,33,23.3,26.4,19.6,69.9,8.418,100,20.83,0,0,29.5,14.7,224.9,1008.8,42.6,15.5,207.9,17.7,8,2020-09-03T04:25:25Z,2020-09-03T17:24:15Z,0.55,"Rain, Partially cloudy",Partly cloudy throughout the day with rain.
"New York City,USA",2020-09-04T00:00:00Z,31.5,21.7,26,31.8,21.7,26.1,18.1,66.3,0,0,0,0,0,33.5,15,259.3,1011.5,15.8,15.9,254.8,21.9,9,2020-09-04T04:26:24Z,2020-09-04T17:22:37Z,0.58,Clear,Clear conditions throughout the day.
"New York City,USA",2020-09-05T00:00:00Z,28.2,20.5,24,27.3,20.5,23.8,12.1,49.4,0,0,0,0,0,33.5,18,245.3,1021.3,12.7,16,263.8,22.7,9,2020-09-05T04:27:22Z,2020-09-05T17:20:59Z,0.61,Clear,Clear conditions throughout the day.
"New York City,USA",2020-09-06T00:00:00Z,28.8,20,23.6,28.9,20,23.7,15.7,61.9,0,0,0,0,0,20.6,20.6,217.3,1021.5,4.4,16,254,21.9,9,2020-09-06T04:28:21Z,2020-09-06T17:19:20Z,0.65,Clear,Clear conditions throughout the day.
"New York City,USA",2020-09-07T00:00:00Z,27.1,20.6,23.4,27.8,20.6,23.4,17.1,68.5,0,0,0,0,0,38.9,21.7,183.1,1019.5,9.7,16,233.4,20,8,2020-09-07T04:29:19Z,2020-09-07T17:17:40Z,0.68,Clear,Clear conditions throughout the day.
"New York City,USA",2020-09-08T00:00:00Z,28.7,21.6,24.2,29.5,21.6,24.5,19,73.7,0,0,0,0,0,14.8,14.8,207,1021,9.8,16,243.3,21.1,8,2020-09-08T04:30:18Z,2020-09-08T17:16:01Z,0.71,Clear,Clear conditions throughout the day.
"New York City,USA",2020-09-09T00:00:00Z,27.1,22.1,24.3,28.6,22.1,24.4,20.4,79.5,0,0,0,0,0,14.3,14.3,115.4,1025,32.2,16,133.8,11.7,5,2020-09-09T04:31:16Z,2020-09-09T17:14:21Z,0.74,Partially cloudy,Clearing in the afternoon.
"New York City,USA",2020-09-10T00:00:00Z,28.3,23.3,24.9,31.6,23.3,25.6,22.7,87.9,25.96,100,70.83,0,0,68.4,17.7,15.2,1023.1,60,14.4,131.1,11.3,7,2020-09-10T04:32:14Z,2020-09-10T17:12:40Z,0.75,"Rain, Partially cloudy",Clearing in the afternoon with a chance of rain throughout the day.
"New York City,USA",2020-09-11T00:00:00Z,27,20.6,23.9,27.5,20.6,23.9,18.1,71.7,0.46,100,8.33,0,0,61,18.2,32.9,1021.3,51.2,15.9,148.4,12.8,5,2020-09-11T04:33:13Z,2020-09-11T17:11:00Z,0.81,"Rain, Partially cloudy",Partly cloudy throughout the day with rain clearing later.
"New York City,USA",2020-09-12T00:00:00Z,23.3,18.3,20.6,23.3,18.3,20.6,13.8,65.5,0,0,0,0,0,27.7,21.5,59.8,1025.5,53.1,16,171.3,14.9,8,2020-09-12T04:34:11Z,2020-09-12T17:09:19Z,0.84,Partially cloudy,Partly cloudy throughout the day.
"New York City,USA",2020-09-13T00:00:00Z,25.5,18.3,21.9,25.5,18.3,21.9,17.1,74.4,0,0,0,0,0,37.1,20.1,126,1020.1,65,16,143.4,12.6,5,2020-09-13T04:35:10Z,2020-09-13T17:07:38Z,0.88,Partially cloudy,Partly cloudy throughout the day.
"New York City,USA",2020-09-14T00:00:00Z,26,18.3,22.8,26,18.3,22.8,14.5,60.9,0,0,0,0,0,42.5,17.8,326,1019.3,24.1,16,184.5,16,7,2020-09-14T04:36:08Z,2020-09-14T17:05:57Z,0.91,Partially cloudy,Becoming cloudy in the afternoon.
"New York City,USA",2020-09-15T00:00:00Z,22,13.8,17.5,22,13.8,17.5,8.3,55.6,0,0,0,0,0,70.2,23.6,52.2,1026.3,1.3,16,208.9,18.1,7,2020-09-15T04:37:07Z,2020-09-15T17:04:16Z,0.94,Clear,Clear conditions throughout the day.
"New York City,USA",2020-09-16T00:00:00Z,23.2,15.6,19.2,23.2,15.6,19.2,12.7,66.8,0,0,0,0,0,33.5,20.5,229.6,1023.3,11.8,15.9,189.6,16.4,7,2020-09-16T04:38:06Z,2020-09-16T17:02:34Z,0.97,Clear,Clear conditions throughout the day.
"New York City,USA",2020-09-17T00:00:00Z,24.9,18.8,21.3,24.9,18.8,21.3,17.1,77,0,0,0,0,0,17.9,17.9,233.9,1017,44.1,16,128.1,11.2,5,2020-09-17T04:39:04Z,2020-09-17T17:00:53Z,0,Partially cloudy,Partly cloudy throughout the day.
"New York City,USA",2020-09-18T00:00:00Z,23.2,17.1,20.4,23.2,17.1,20.4,12.7,63,0,0,0,0,0,62.1,23.7,40.9,1015,46,16,187.6,16.4,8,2020-09-18T04:40:03Z,2020-09-18T16:59:11Z,0.04,Partially cloudy,Partly cloudy throughout the day.
"New York City,USA",2020-09-19T00:00:00Z,20.4,11.6,16.1,20.4,11.6,16.1,2.3,40.9,0,0,0,0,0,72,29.2,43,1026,0.4,16,243.6,20.9,8,2020-09-19T04:41:02Z,2020-09-19T16:57:30Z,0.08,Clear,Clear conditions throughout the day.
"New York City,USA",2020-09-20T00:00:00Z,19.8,12.1,15.9,19.8,12.1,15.9,3.1,42.7,0,0,0,0,0,40,30.5,41.5,1032.4,0.5,16,233.4,20.1,8,2020-09-20T04:42:01Z,2020-09-20T16:55:48Z,0.11,Clear,Clear conditions throughout the day.
"New York City,USA",2020-09-21T00:00:00Z,20.9,12.7,16.7,20.9,12.7,16.7,5.3,48,0,0,0,0,0,35.3,24.9,48.8,1033.3,0.4,16,229.1,20,8,2020-09-21T04:43:00Z,2020-09-21T16:54:07Z,0.15,Clear,Clear conditions throughout the day.
"New York City,USA",2020-09-22T00:00:00Z,24.8,12.1,18,24.8,12.1,18,5,44.2,0,0,0,0,0,77.8,11,350.2,1019.5,0.6,16,227,19.6,8,2020-09-22T04:44:00Z,2020-09-22T16:52:25Z,0.18,Clear,Clear conditions throughout the day.
"New York City,USA",2020-09-23T00:00:00Z,28.2,16.1,21.6,27.7,16.1,21.6,10.6,50.4,0,0,0,0,0,35.9,12.7,287.7,1011.8,0.6,16,217.3,18.9,8,2020-09-23T04:44:59Z,2020-09-23T16:50:44Z,0.25,Clear,Clear conditions throughout the day.
"New York City,USA",2020-09-24T00:00:00Z,24.3,17.8,21.2,24.3,17.8,21.2,13.2,60.8,0,0,0,0,0,11.1,11.1,257.9,1015.2,1.2,16,111.1,9.6,5,2020-09-24T04:45:59Z,2020-09-24T16:49:03Z,0.25,Clear,Clear conditions throughout the day.
"New York City,USA",2020-09-25T00:00:00Z,25.6,17.8,20.9,25.6,17.8,20.9,16.2,75.1,0,0,0,0,0,73.8,11.1,241,1018.8,1.2,15.2,154.5,13.4,6,2020-09-25T04:46:59Z,2020-09-25T16:47:21Z,0.28,Clear,Clear conditions throughout the day.
"New York City,USA",2020-09-26T00:00:00Z,23.8,18.8,21,23.8,18.8,21,17.1,79.4,0,0,0,0,0,25.9,13,119.5,1018.7,48.6,15.9,103.2,8.7,4,2020-09-26T04:47:58Z,2020-09-26T16:45:41Z,0.32,Partially cloudy,Partly cloudy throughout the day.
"New York City,USA",2020-09-27T00:00:00Z,27.1,20,22.7,28.2,20,22.7,19.2,81.9,0,0,0,0,0,14.4,14.4,55.1,1015.2,56.7,15.5,148.9,12.7,7,2020-09-27T04:48:59Z,2020-09-27T16:44:00Z,0.35,Partially cloudy,Partly cloudy throughout the day.
"New York City,USA",2020-09-28T00:00:00Z,26.6,21.1,22.7,26.6,21.1,22.7,19.4,82.6,0.302,100,20.83,0,0,66.6,20.1,185,1012.9,50.5,15.5,156.1,13.4,7,2020-09-28T04:49:59Z,2020-09-28T16:42:19Z,0.39,"Rain, Partially cloudy",Partly cloudy throughout the day with rain.
"New York City,USA",2020-09-29T00:00:00Z,23.3,20.6,21.7,23.3,20.6,21.7,19.5,87.3,5.273,100,33.33,0,0,79.6,16.7,169,1010.9,56.1,15.3,55.7,4.8,2,2020-09-29T04:50:59Z,2020-09-29T16:40:39Z,0.42,"Rain, Partially cloudy",Partly cloudy throughout the day with rain.
"New York City,USA",2020-09-30T00:00:00Z,22.1,16.7,19.6,22.1,16.7,19.6,13.7,71.4,15.917,100,33.33,0,0,56.4,34.2,249.2,1005.8,48.9,15.2,178.7,15.4,7,2020-09-30T04:52:00Z,2020-09-30T16:38:59Z,0.46,"Rain, Partially cloudy",Clearing in the afternoon with rain clearing later.
